Station_Code,X,Y,Z,sX,sY,sZ
ABMF,2919785.71395172,-5383745.04970614,1774604.71351058,0.00060051,0.00073035,0.00054309
ABPO,4097216.64180617,4429119.03811094,-2065771.32914593,0.00060766,0.0006292,0.00066418
ADE1,-3939182.44060453,3467075.34050399,-3613220.31994416,0.00067949,0.00062523,0.00073713
ADIS,4913652.76087218,3945922.66961673,995383.333106879,0.00063138,0.00064011,0.0005592
AJAC,4696989.37170473,723994.570707142,4239678.60527106,0.00060829,0.00058196,0.00054563
ALBH,-2341333.00536607,-3539049.5169844,4745791.29582132,0.00059696,0.00054853,0.00051758
ALGO,918129.295112336,-4346071.2855215,4561977.87207018,0.0005399,0.00060405,0.00052308
ALIC,-4052052.34524791,4212836.03421513,-2545105.12978627,0.00069159,0.0006471,0.00068492
ALRT,388042.587705553,-740382.41499186,6302001.91079891,0.00053739,0.00050691,0.00057033
AMC2,-1248596.26868936,-4819428.21052849,3976505.97135738,0.00057393,0.00060665,0.0005054
AOML,982296.673151836,-5664607.22205771,2752614.50580042,0.00055929,0.00069455,0.00052069
AREQ,1942826.41103549,-5804070.2651523,-1796894.09520735,0.00057772,0.00067741,0.00063725
AREV,1942826.41181335,-5804070.26793877,-1796894.09616872,0.00057935,0.00068407,0.0006384
ARTU,1843956.59682795,3016203.15712776,5291261.75334405,0.00056576,0.00058116,0.00054879
ASC1,6118526.04944937,-1572344.76462318,-876451.014485581,0.0006702,0.00056954,0.00062139
AUCK,-5105681.29952618,461564.018360264,-3782181.32777531,0.00071893,0.00058539,0.00074023
BADG,-838281.795219277,3865777.32273592,4987624.60634131,0.00059919,0.00059973,0.00057006
BAHR,3633908.63240775,4425275.58972015,2799861.62390871,0.00060673,0.00065375,0.00053293
BARH,1693644.76493473,-4239067.58040947,4439567.26224132,0.00053957,0.00060606,0.00052135
BHR1,3633908.63195581,4425275.58884059,2799861.62397261,0.00060529,0.0006518,0.00053186
BILI,-2321893.18150348,560096.826004557,5894691.75451508,0.00060336,0.00048282,0.00056317
BJCO,6333076.47991066,270973.553111641,704552.082326715,0.00066268,0.00057883,0.00057151
BJFS,-2148744.24687565,4426641.23605743,4044655.88540996,0.0006342,0.00060463,0.00053182
BJNM,-2154287.47791701,4373440.03939836,4098885.67629814,0.00065171,0.0006536,0.00058158
BOR1,3738358.3648579,1148173.78601499,5021815.81180766,0.00057501,0.00057072,0.00054632
BRAZ,4115014.08115095,-4550641.59223827,-1741443.89437458,0.00089376,0.00093182,0.00073099
BREW,-2112007.2214611,-3705351.8269213,4726827.10791366,0.00059019,0.00055514,0.0005169
BRFT,4985393.51456496,-3954993.43972725,-428426.640767034,0.00087899,0.00076709,0.00061916
BRMU,2304703.4041271,-4874817.16927887,3395186.98399959,0.00055166,0.00063796,0.0005149
BRST,4231162.5182543,-332746.59000977,4745130.96777881,0.00058585,0.00057078,0.00054918
BRUS,4027893.68270369,307045.915420618,4919475.17582481,0.00058347,0.0005689,0.00055304
BRUX,4027881.51148662,306998.577859319,4919498.91545713,0.0005799,0.00056851,0.00054912
BSHM,4395951.36539679,3080707.1206079,3433498.11229313,0.00061144,0.00061929,0.0005346
BUCU,4093760.78598308,2007793.89273056,4445130.02542927,0.00059171,0.00059014,0.00053995
CAGL,4893378.75262418,772649.882800347,4004182.22320805,0.00060453,0.00058324,0.00053576
CAGZ,4893379.90922359,772650.576706003,4004180.09580015,0.00060459,0.00058325,0.00053581
CAS1,-901776.147437867,2409383.3075528,-5816748.47725642,0.00057363,0.00056018,0.00086482
CEDU,-3753472.77948092,3912741.00986978,-3347960.20282558,0.00067476,0.00063577,0.00072339
CFAG,2016584.88060117,-5050165.66704496,-3323308.73250916,0.00057487,0.0006348,0.00071606
CHAN,-2674427.38018795,3757143.16685876,4391521.61823548,0.00064694,0.00058088,0.0005442
CHAT,-4590671.24496742,-275482.49204702,-4404596.46288612,0.00069481,0.00057842,0.00077233
CHPI,4164613.89012593,-4162456.91562852,-2445028.7465884,0.00060606,0.00060619,0.00067942
CHTI,-4607855.98148959,-272375.751269133,-4386954.42245399,0.00069628,0.00057871,0.00077183
CHUM,1228950.65469057,4508079.93893108,4327868.5125449,0.00058348,0.00063208,0.00053735
CHUR,-236438.953435671,-3307616.87897202,5430049.26535882,0.00054394,0.00055207,0.00053832
CKIS,-5583182.32394679,-2054143.27693536,-2292166.53977199,0.00075337,0.00059804,0.00066045
CNMR,-5087757.8417985,3465028.92725681,1664653.75225011,0.00073779,0.00059701,0.00054311
COCO,-741950.615224901,6190961.66540781,-1337767.90613441,0.00061489,0.00071268,0.00063092
CONZ,1492004.74776642,-4887911.19575767,-3803640.34053138,0.00057152,0.00063075,0.00074261
CRAO,3783897.0053282,2551404.4915712,4441264.32558164,0.00058921,0.00059759,0.00053927
CRO1,2607771.25540297,-5488076.65318168,1932767.85009895,0.00056661,0.00066703,0.00052395
DAEJ,-3120042.12932923,4084614.80886363,3764026.86458591,0.00066252,0.00059263,0.00053134
DARW,-4091359.25655184,4684606.56079175,-1408579.71278569,0.00069846,0.000658,0.0006347
DAV1,486854.567741822,2285099.22778963,-5914955.70269289,0.00055208,0.00053951,0.00086682
DGAR,1916269.20351973,6029977.54504826,-801719.747103455,0.00060766,0.00075041,0.00061354
DGAV,1916269.20411694,6029977.54747352,-801719.747312561,0.00060825,0.00075319,0.00061384
DRAG,4432980.55067506,3149432.15787563,3322110.55240014,0.00060943,0.00061921,0.00053181
DRAO,-2059164.87686554,-3621108.39821564,4814432.2883157,0.00058873,0.00055336,0.00052116
DUBO,-417603.782722342,-4064529.81681345,4881432.15298536,0.00055057,0.00057809,0.00052284
DUM1,-1940883.75146589,1628483.19536682,-5833718.08726143,0.00059589,0.00055554,0.00085871
EBRE,4833520.08770576,41537.2045863136,4147461.60161496,0.00081191,0.00060585,0.00068885
EISL,-1884950.91299717,-5357596.11129134,-2892890.56214049,0.00062664,0.00070108,0.00069521
FAA1,-5247393.22795491,-3076866.93399071,-1911521.35288761,0.00073465,0.00061135,0.00063733
FAIR,-2281621.72898294,-1453595.87580967,5756961.76603164,0.00059257,0.00048951,0.00054732
FALK,2106811.34666291,-3355170.67417265,-4981786.31166698,0.00058614,0.0005987,0.00085887
FLIN,-766174.657200627,-3611375.33948559,5184056.22397493,0.00055456,0.00055825,0.00053033
FLRS,4221530.0760377,-2549242.31141726,4031398.29236487,0.00057859,0.00059252,0.00053175
FORT,4985386.59942542,-3954998.63525385,-428426.315031124,0.00086065,0.0007708,0.00061663
FUNC,5143339.26462998,-1563412.67470215,3421191.64320368,0.00061068,0.00058858,0.00053429
GANP,3929181.43121207,1455236.81191705,4793653.94520065,0.00058283,0.00057818,0.00054444
GLPS,-33801.4059313738,-6377516.51925363,-82154.3347416688,0.00058094,0.00069854,0.00055889
GLSV,3512888.85506117,2068979.95246549,4888903.23807511,0.00057886,0.00058297,0.00054596
GMAS,5439112.54407568,-1522134.88606058,2953556.24359838,0.00061775,0.0005894,0.00053395
GODE,1130773.66989535,-4831253.57193398,3994200.43492932,0.00054463,0.00062871,0.00051706
GODZ,1130773.67023002,-4831253.5731828,3994200.43493019,0.00054488,0.00063014,0.00051832
GOL2,-2353614.39331078,-4641385.30464867,3676976.39234675,0.00060664,0.0006028,0.00050524
GOLD,-2353614.39315583,-4641385.3037587,3676976.39225414,0.00060476,0.00059736,0.00050135
GOUG,4795578.7422639,-835299.290291437,-4107633.87865227,0.00074905,0.00053743,0.00084642
GRAS,4581690.8306208,556114.930074934,4389360.851129,0.00059334,0.00057763,0.00053833
GRAZ,4194423.72597372,1162702.77867872,4647245.45829713,0.00058835,0.0005783,0.00054354
GUAM,-5071312.71733,3568363.58098346,1488904.36108281,0.000736,0.00060129,0.00054577
GUAO,228378.842862261,4631946.91450899,4367028.51355512,0.00059033,0.00062846,0.00053816
GUAT,-56063.5455393168,-6174978.65535346,1596665.28204104,0.00060593,0.00094566,0.00056504
GUUG,-5070465.20328336,3576460.24708633,1472093.79692195,0.000796,0.00064074,0.00055916
HARB,5084657.61886227,2670325.20688468,-2768481.0670488,0.00062218,0.0005678,0.00069995
HERS,4033470.03211697,23672.9698236046,4924301.35453643,0.0005769,0.00056724,0.00054645
HERT,4033460.85700333,23537.8803483124,4924318.30867668,0.00057549,0.00056704,0.00054464
HLFX,2018905.69135732,-4069070.51133308,4462415.44776264,0.00054256,0.00060895,0.00052917
HNLC,-5506798.80016823,-2240049.22408674,2302720.57734413,0.0007339,0.00054747,0.00051406
HOB2,-3950071.86875265,2522415.28741537,-4311637.82344416,0.00067286,0.00060142,0.00077254
HOFN,2679689.96559927,-727951.142454616,5722789.38214081,0.00055183,0.00054745,0.00058482
HOLB,-2503040.59971212,-3188233.32701875,4908701.46211126,0.00070418,0.00068898,0.00079434
HOLM,-983072.095179955,-1867623.66754484,5998639.54539258,0.00055587,0.00050499,0.00055423
HRAO,5085352.45173,2668395.93588177,-2768731.45717245,0.00062679,0.0005697,0.00070154
HYDE,1208444.36761934,5966806.00790502,1897077.04008265,0.00060232,0.0007122,0.00054077
IISC,1337936.24176004,6070317.11324419,1427876.95743797,0.00060255,0.00071461,0.00054664
INVK,-1628432.21303874,-1714393.06150183,5903844.66412932,0.00057221,0.00049703,0.00055096
IQAL,1036001.00994261,-2631455.56206648,5697819.6871125,0.0005328,0.00055108,0.000564
IRKM,-968332.530065045,3794425.40542903,5018167.71811375,0.0005982,0.0005815,0.00054781
IRKT,-968332.529307729,3794425.40466493,5018167.7168547,0.00059791,0.00058083,0.00054652
ISPA,-1881703.34330859,-5359979.81675223,-2890599.26288136,0.00061731,0.00066244,0.00068064
JOZE,3664940.07275967,1409153.94069798,5009571.43119616,0.00057577,0.00057328,0.00054679
KARR,-2713832.83025265,5303935.09845221,-2269514.29708903,0.00065386,0.00068196,0.0006732
KAT1,-4147413.45894615,4581462.7128333,-1573359.65554625,0.00070656,0.00066386,0.00064336
KELY,1575558.99675055,-1941827.95478989,5848076.52819666,0.00053407,0.0005431,0.00057517
KERG,1406337.24459438,3918161.10114751,-4816167.36666148,0.00056146,0.00059242,0.00080478
KIRI,-6327822.39141962,785604.498017321,149769.23538132,0.0015436,0.00065555,0.00062374
KIRU,2251420.70576473,862817.273436185,5885476.75158473,0.00055009,0.00054303,0.00057358
KIT3,1944945.00831833,4556652.27747459,4004326.02104656,0.00058658,0.00064258,0.00053554
KOKB,-5543838.24056415,-2054586.43980935,2387810.12192465,0.00073469,0.0005428,0.00051385
KOKV,-5543838.24102415,-2054586.44033723,2387810.12246591,0.00073555,0.00054309,0.00051416
KOSG,3899225.05354134,396732.020130645,5015078.47103563,0.00057422,0.00056647,0.00054652
KOUR,3839591.37145418,-5059567.57433815,579957.106593332,0.00059516,0.00065944,0.00055843
KRGG,1406336.23269347,3918154.60409677,-4816172.86194591,0.00056467,0.00060347,0.00081412
KWJ1,-6160880.72789989,1339883.82056075,960810.833274773,0.0011143,0.00062894,0.00059055
LAUT,-6075194.56393478,270923.877069355,-1917189.36358565,0.00079255,0.00058738,0.00065339
LHAS,-106938.263968507,5549269.48020257,3139215.9422942,0.00060711,0.00069382,0.00053787
LHAZ,-106941.682027369,5549269.84191851,3139215.07303641,0.00060665,0.00068393,0.00053463
LMMF,2993387.31333286,-5399363.93773987,1596748.01867944,0.00057429,0.00066877,0.00053154
LPAL,5326646.25552311,-1719826.16723939,3052043.76825036,0.00061513,0.00059104,0.00053382
LPGS,2780102.98749628,-4437418.9555827,-3629404.45129729,0.00057788,0.00060251,0.00073471
LROC,4424632.50536408,-94175.1363627456,4577544.14279948,0.00064978,0.0005803,0.00060168
MAC1,-3464038.72368612,1334173.01164706,-5169224.05826064,0.00064947,0.00057419,0.00082071
MAL2,4865385.60945432,4110717.28820861,-331137.542129893,0.00063555,0.00064044,0.00059723
MALI,4865366.26761281,4110737.6964097,-331121.489738868,0.00063429,0.00063938,0.00059701
MAR6,2998189.34498526,931451.847058052,5533398.74672897,0.00055853,0.00055582,0.00055506
MAS1,5439192.18841811,-1522055.3940711,2953454.92122107,0.00062103,0.00058995,0.00053521
MAT1,4641951.35886546,1393053.75174813,4133280.93589595,0.00060276,0.00058739,0.00053794
MATE,4641949.46346179,1393045.5157494,4133287.53870324,0.00060105,0.00058703,0.00053661
MAUI,-5466068.95142944,-2404327.76742703,2242127.60023861,0.00073114,0.00055107,0.00051363
MAW1,1111287.18909706,2168911.22588844,-5874493.59408983,0.00054824,0.00053043,0.00086276
MBAR,5482951.25271874,3260442.65385236,-66519.7914811741,0.00065047,0.00061884,0.00059054
MCIL,-5227187.91518782,2551880.66108372,2607618.04550731,0.00074316,0.00056137,0.00053267
MCM4,-1311703.12545338,310814.944120527,-6213255.1181068,0.00057689,0.00053014,0.00087992
MDO1,-1329998.83950189,-5328393.36901235,3236504.13018353,0.00058189,0.00063284,0.00050038
MDVJ,2845455.9686855,2160954.30089301,5265993.2481833,0.00056657,0.00057386,0.0005494
MDVO,2844671.97056293,2161070.23306005,5266363.90237303,0.00063911,0.00062407,0.0007257
MEDI,4461400.65104355,919593.673612697,4449504.82303993,0.00059294,0.00057913,0.00053991
METS,2892570.69346185,1311843.51123734,5512634.17155707,0.00056192,0.00055985,0.00056037
MKEA,-5464105.26677407,-2495166.06483613,2148291.35476115,0.0007319,0.00055452,0.00051445
MOBS,-4130636.37399165,2894953.10200698,-3890530.70059748,0.000683,0.00061183,0.00075057
MONP,-2386247.26214937,-4802359.26790347,3444902.31075901,0.00061927,0.00063945,0.00052234
MQZG,-4580569.68055031,590465.967622453,-4384379.90488967,0.00069952,0.00058197,0.00077685
NAIN,1671836.55725676,-3103473.3083015,5297671.26220984,0.00053315,0.00056847,0.00053891
NAMA,4476294.9590394,4036794.60900655,2086353.17560261,0.00062034,0.00064417,0.0005393
NANO,-2335726.8763393,-3451608.34023415,4812009.92389281,0.00059793,0.00054804,0.00052404
NAUR,-6212555.04505602,1442787.00943545,-61006.6082217037,0.00079578,0.00058088,0.00058226
NICO,4359415.61989906,2874117.11936085,3650777.88766288,0.00061072,0.00061475,0.00053705
NIST,-1288398.37829783,-4721696.92728295,4078625.39038384,0.00058634,0.00066868,0.00056209
NISU,-1288363.71252403,-4721684.21275352,4078659.34790773,0.00057604,0.000613,0.00051561
NIUM,-5937160.70878837,-1054675.7631879,-2071386.33760675,0.00083204,0.00059778,0.00066723
NKLG,6287385.74437882,1071574.64048916,39133.0005679549,0.00066082,0.00057771,0.00058961
NLIB,-130934.683372806,-4762291.72190097,4226854.63956156,0.00055186,0.00061047,0.00051177
NNOR,-2414151.9070229,4907778.5404713,-3270644.70260845,0.00063905,0.00066744,0.00072284
NOT1,4934546.1384752,1321265.0935586,3806456.19659221,0.00060958,0.00058946,0.00053489
NOUM,-5739971.78459335,1387563.45097944,-2402122.97295265,0.00076774,0.00059705,0.00067775
NRC1,1112777.11743462,-4341475.86807667,4522955.83169744,0.00053943,0.00060535,0.00052247
NRIL,64537.077087543,2253782.87687552,5946363.50069495,0.00056332,0.00053462,0.00056214
NRMD,-5743537.90979231,1380504.03333268,-2397896.44542352,0.00076046,0.00059564,0.00067552
NURK,5516756.57827856,3196624.84750692,-215027.233728612,0.00065695,0.00061892,0.00059591
NYA1,1202433.76860292,252632.326192098,6237772.63695891,0.00053881,0.00051919,0.00056903
NYAL,1202430.45906412,252626.745508927,6237767.66543657,0.00053882,0.0005192,0.00056924
OHI2,1525811.96318496,-2432478.22016205,-5676165.56310921,0.00055505,0.00052846,0.00085735
OHI3,1525809.13034964,-2432478.73593343,-5676166.26102607,0.00055485,0.00052794,0.00085585
OHIG,1525872.71582551,-2432481.32418032,-5676146.06750535,0.00055696,0.00053194,0.00086604
ONSA,3370658.46874827,711877.209616969,5349787.00134306,0.00056354,0.00055989,0.00055091
OSN1,-3067863.34263026,4067640.91490253,3824295.71690936,0.00081575,0.00083159,0.00074917
OUS2,-4387890.91169634,733420.602049968,-4555176.23374566,0.00068893,0.00058041,0.00078528
PARC,1255992.47797728,-3622975.16121008,-5079719.22601429,0.0005607,0.00056563,0.00081271
PDEL,4551595.9333354,-2186893.04034399,3883410.89981742,0.00059051,0.00059085,0.00053407
PERT,-2368687.56690946,4881316.60026133,-3341795.47620919,0.00063646,0.00066523,0.00072643
PIE1,-1640916.97325197,-5014781.19754626,3575447.06745265,0.00058633,0.00061546,0.00050108
POHN,-5879158.53556067,2350292.13217815,767748.352053484,0.0011197,0.00072225,0.00060517
POL2,1239971.23053214,4530790.10812799,4302578.83089502,0.0005832,0.00063034,0.00053421
POLV,3411557.23408047,2348464.03787438,4834396.91117409,0.00058104,0.00058854,0.00054777
POTS,3800689.55198008,882077.462858068,5028791.3687323,0.0005753,0.00056887,0.00054752
PRDS,-1659603.06054439,-3676725.77151718,4925493.51053549,0.00057837,0.00056139,0.00053137
PRE1,5066232.04756725,2719227.11262502,-2754392.54054369,0.0006207,0.00056871,0.00069881
QAQ1,2170942.01793266,-2251829.99714107,5539988.41103621,0.00062493,0.00064255,0.00088764
QIKI,1069081.17459988,-2195214.20835708,5872519.04952779,0.0005307,0.00053719,0.00055369
QUIN,-2517231.25414846,-4198595.04486158,4076531.19791265,0.00060762,0.00057865,0.00050764
RABT,5255617.63488543,-631745.602464096,3546322.62149717,0.00061132,0.00058313,0.00053375
RAMO,4514721.74784077,3133507.90890518,3228024.79462918,0.00061146,0.00061952,0.00053197
RCMN,5101056.72673134,3829074.31060243,-135016.256728628,0.00063419,0.00062909,0.00059071
RECF,5176588.6103627,-3618162.18357863,-887363.790831876,0.00064848,0.00061668,0.00061704
RESO,-144107.694213672,-1683119.8137961,6129763.3032044,0.00054081,0.00051067,0.00056056
REUN,3364099.04087208,4907944.54076485,-2293466.80238792,0.00059677,0.00064538,0.00067366
RIGA,3183899.10531185,1421478.56253982,5322810.83581153,0.00063718,0.00059306,0.00071557
RIO2,1429907.81635853,-3495354.84991552,-5122698.58930931,0.00056002,0.00056019,0.00081593
RIOG,1429907.82670689,-3495354.86522628,-5122698.61158449,0.00057251,0.00059683,0.00086129
SALU,4566947.88139345,-4443098.52717649,-286674.684193145,0.00071094,0.0007191,0.00060053
SANT,1769693.36096403,-5044574.17277247,-3468320.98081154,0.00057055,0.00062354,0.00071871
SAVO,4870283.7455487,-3864605.3170256,-1418872.49739246,0.00061435,0.00060108,0.00063363
SCH2,1448636.68791836,-3385243.73200387,5191047.11007721,0.00053355,0.00057418,0.00053618
SCOR,1982095.97631005,-798820.987681088,5989464.57545258,0.00053603,0.0005331,0.00056178
SCUB,1474538.05495451,-5811243.27083705,2168958.84403517,0.00058816,0.00081617,0.0005543
SFER,5105518.9465828,-555145.784582965,3769803.44367087,0.00061386,0.00058246,0.00053883
SHAO,-2831733.65970112,4675665.87773061,3275369.35859682,0.00065963,0.00062359,0.00053133
SOFI,4319371.99674899,1868687.8695249,4292063.9759046,0.00059703,0.00059073,0.00053907
STHL,6104817.1928726,-605828.028131322,-1740738.86030428,0.00067197,0.00055032,0.00065821
STJO,2612631.0003458,-3426807.04022935,4686757.91749729,0.00054467,0.00059217,0.000532
SUTH,5041274.86267513,1916054.24826584,-3397075.85995652,0.00061391,0.00054081,0.00073053
SUTM,5041190.24226665,1916067.21459605,-3397189.3133675,0.00061903,0.00054242,0.00073274
SUWN,-3062023.01031703,4055447.94423641,3841818.2136727,0.00066802,0.0006023,0.00054184
SYDN,-4648240.51826347,2560636.46541636,-3526318.25137888,0.00070498,0.00060913,0.00073162
SYOG,1766207.89025069,1460290.32843616,-5932297.66310212,0.00054933,0.00051208,0.00087877
TAEJ,-3120423.2602028,4086355.31597658,3761769.49424342,0.00066916,0.00060359,0.00054082
TAH1,-5246404.15018374,-3077285.05283028,-1913839.12620448,0.00072927,0.00060851,0.00063608
TASH,1695945.05402276,4487138.59200915,4190140.72251126,0.00058508,0.00064008,0.00053985
TCMS,-2982783.08224171,4966660.02618539,2658809.40325319,0.00066987,0.00064595,0.00053516
TEHN,3240499.16556881,4049740.37585896,3701663.1468463,0.00059307,0.00063378,0.00053054
THTI,-5246415.73376751,-3077259.75924743,-1913842.04767692,0.00072883,0.00060831,0.00063598
THU3,538093.43530569,-1389088.07448002,6180979.27785327,0.00053563,0.00051808,0.00059953
TID1,-4460996.59786048,2682557.0796791,-3674443.09434067,0.0006982,0.00061086,0.00074014
TIDB,-4460996.59756965,2682557.0794979,-3674443.09394696,0.00069655,0.00060998,0.00073903
TIXI,-1264873.29439931,1569455.77431733,6031003.42050436,0.00058067,0.00050462,0.00056711
TLSE,4627851.76384132,119640.108212271,4372993.60382765,0.00059804,0.00057669,0.00054309
TNML,-2982779.26724145,4966662.56226368,2658805.67256256,0.00066948,0.00064532,0.00053494
TOUL,4627845.96685343,119629.422473578,4372999.88069697,0.00097134,0.00062239,0.00090223
TOW2,-5054583.08739804,3275504.25490901,-2091539.00388609,0.00072996,0.00062479,0.00066333
TRAB,3705250.25292656,3084421.76309911,4162044.82388027,0.00059827,0.00061478,0.00054331
TRO1,2102928.39321522,721619.505511686,5958196.29874982,0.00054593,0.00053824,0.00056516
TROM,2102940.10749558,721569.504658774,5958192.20673775,0.00054609,0.00053828,0.00056621
TUVA,-6307543.76442965,88454.7050660562,-939277.917056673,0.00081723,0.00058155,0.00061135
UFPR,3763751.66990753,-4365113.87054874,-2724404.59295535,0.00059169,0.00060348,0.00068892
UNBJ,1761288.03722256,-4078238.50367434,4561417.75156446,0.00054144,0.00060827,0.00053357
UNSA,2412830.44101069,-5271936.75075397,-2652208.97948419,0.00057785,0.00064638,0.00068083
USN3,1112162.05929096,-4842853.5337071,3985496.02239609,0.00054357,0.00062323,0.00051218
USNO,1112189.69529347,-4842955.02919532,3985352.27492689,0.00054359,0.00062306,0.00051211
UZHL,3907587.36911593,1602428.77415783,4763783.79542192,0.00059574,0.0005839,0.00056196
VACS,3215947.02580959,5047449.63736282,-2198718.26065654,0.00061785,0.00069973,0.00068113
VESL,2009329.83737545,-99741.4794879678,-6033158.41489254,0.00054697,0.00049182,0.00087252
VNDP,-2678090.29765178,-4525437.20156608,3597431.80526781,0.00061664,0.00059625,0.00050337
WES2,1492233.16859718,-4458089.49330104,4296046.05751946,0.00054651,0.00064052,0.00054501
WHIT,-2218338.03008304,-2201205.12328818,5543057.51142087,0.00059091,0.00050659,0.00054447
WILL,-2084258.23136315,-3313872.99508775,5019853.01246598,0.00058925,0.00054346,0.00053014
WIND,5633708.78318514,1732017.81726522,-2433985.68002675,0.00064028,0.0005539,0.00068609
WSRT,3828735.79319789,443305.036135149,5064884.77268325,0.00057206,0.0005655,0.00054624
WTZR,4075580.46294115,931853.881445233,4801568.17343832,0.00058225,0.00057364,0.00054387
WUHN,-2267749.59927709,5009154.22976327,3221290.65257571,0.00065112,0.00066146,0.00054111
XMIS,-1696344.33649469,6039590.019921,-1149275.62517349,0.00063605,0.0007146,0.00062465
YAKT,-1914999.05504484,2308241.48567483,5610225.53769957,0.00060443,0.00051935,0.00055399
YAR1,-2389026.14322003,5043316.96649451,-3078530.06316088,0.00063828,0.00066925,0.00071159
YAR2,-2389026.14549295,5043316.96852463,-3078530.06125924,0.00063981,0.00067265,0.00071339
YEBE,4848724.6565793,-261632.113935485,4123094.21315939,0.00059871,0.00057837,0.00053645
YELL,-1224452.76828867,-2689216.16506672,5633638.28187182,0.00056234,0.0005248,0.00054654
YIBL,3294552.57276315,4905092.48638712,2393579.84093439,0.00062629,0.00070635,0.00054928
YSSK,-3465321.02187746,2638269.34066027,4644085.37696055,0.00066614,0.00053658,0.00054687
ZAMB,5415352.9992931,2917209.99671289,-1685888.78089624,0.0006343,0.00058788,0.00065039
ZECK,3451174.5925119,3060335.50733782,4391955.69459538,0.00058837,0.00060738,0.00054015
ZIM2,4331299.80372446,567537.411050928,4633133.77012369,0.00059447,0.00057548,0.00055027
ZIMM,4331296.99513392,567555.96733869,4633133.99315892,0.00058625,0.00057418,0.00054093
